,index,5D,10D,20D,66D,130D,250D,Factor_Data,Attribute
0,IC Mean,0.03157261889953204,0.04221686568178091,0.05611209316575947,0.08557670872710008,0.09409672514172832,0.07518669770603299,Momentum,Factor_Information
1,IC Std.,0.13284121273578972,0.141800833196977,0.1498254602911891,0.14933231965952756,0.15766317637987,0.1559843570011751,Momentum,Factor_Information
2,Risk-Adjusted IC,0.23767186590149092,0.2977194472696576,0.374516407669994,0.5730622073119332,0.5968211937771306,0.48201434522992953,Momentum,Factor_Information
3,t-stat(IC),10.500686250041952,13.153675107723261,16.546675718300655,25.318715860266042,26.368422191908362,21.296089834110823,Momentum,Factor_Information
4,p-value(IC),3.956330336376337e-25,6.334780179627691e-38,1.1889708523386156e-57,1.5789873608182874e-122,2.564047935204182e-131,1.1753865325822066e-90,Momentum,Factor_Information
5,IC Skew,-0.4788571026931389,-0.48577645470685665,-0.3929852341828607,-0.43208450598204556,-0.48141959471741647,-0.12274670367570285,Momentum,Factor_Information
6,IC Kurtosis,0.719072559002921,0.39901418118822685,0.12444909449495745,0.5876056038994268,-0.22307036067779373,-0.9574669807085852,Momentum,Factor_Information
7,Ann. alpha,0.09399034454136812,0.10266766590240506,0.10319466772673147,0.10048658412931855,0.08015073191019906,0.07142740252569624,Momentum,Factor_Returns
8,beta,-0.04448528306804855,-0.0683226102296062,-0.07756473710569578,-0.08525869730607766,-0.05481639977693139,-0.06672951328040153,Momentum,Factor_Returns
9,Mean Period Wise Return Top Quantile (bps),26.868096372003603,26.660342710018714,25.77000079376779,23.181834353518393,21.55667879997436,19.802758595599546,Momentum,Factor_Returns
10,Mean Period Wise Return Bottom Quantile (bps),-9.406330673198404,-10.061190399783815,-10.204978721818359,-10.274212258881699,-8.331057156639732,-5.084527057279686,Momentum,Factor_Returns
11,Mean Period Wise Spread (bps),36.274427045202295,36.82844597946536,36.15313546163392,33.50204356681016,29.773634100110385,24.95992811354506,Momentum,Factor_Returns
12,Mean Factor Rank Autocorrelation,0.975913391765273,0.9547656488365334,0.9146562217811003,0.7340465639765474,0.48123476568571427,0.07443769099694225,Momentum,Factor_Turnover
13,Quantile 1 Mean Turnover ,0.11740476484677431,0.16306021963280581,0.22669178148682428,0.4057209724006376,0.5808501176193401,0.7766703373996422,Momentum,Factor_Turnover
14,Quantile 2 Mean Turnover ,0.2630356057741987,0.3525419692049159,0.458201393002528,0.6375230343464288,0.7278593345025176,0.7761596904205541,Momentum,Factor_Turnover
15,Quantile 3 Mean Turnover ,0.28769381671323796,0.3831650601520179,0.4950791976953709,0.6869257119101645,0.7597927787237503,0.7956085380693975,Momentum,Factor_Turnover
16,Quantile 4 Mean Turnover ,0.2406647782207307,0.32700971457853284,0.43561452517842997,0.6382050973819134,0.7349568790055733,0.8005809171912701,Momentum,Factor_Turnover
17,Quantile 5 Mean Turnover ,0.09903380538753977,0.13816282280582087,0.19444027541622397,0.3659407466825374,0.530301049932603,0.7347719225946545,Momentum,Factor_Turnover
18,IC Mean,0.030704396122234204,0.04531411805168004,0.0654071716715926,0.10962286561265223,0.12286308702626757,0.10117995978818163,Mom_Sharpe,Factor_Information
19,IC Std.,0.13394340635769927,0.14580301061560805,0.15559576216909116,0.1582157564074597,0.1596773042741522,0.15618665231125872,Mom_Sharpe,Factor_Information
20,Risk-Adjusted IC,0.2292340993646028,0.3107900026230955,0.42036602256886935,0.6928694594129794,0.7694461500635195,0.6478143829252692,Mom_Sharpe,Factor_Information
21,t-stat(IC),10.127893539727271,13.731151118018644,18.572377914529042,30.611973267998973,33.99524204294561,28.621374926143847,Mom_Sharpe,Factor_Information
22,p-value(IC),1.5682901485698488e-23,5.005540027528775e-41,4.981210099522269e-71,2.091645162057897e-168,2.4115727968619956e-199,9.994005784687562e-151,Mom_Sharpe,Factor_Information
23,IC Skew,-0.5605936447430416,-0.6201789246869002,-0.4804880565440524,-0.6036907143831846,-0.4956822308236219,-0.34027876828018383,Mom_Sharpe,Factor_Information
24,IC Kurtosis,0.788496358719164,0.5060973868357639,0.02742144237864519,0.3513956468645181,-0.2780704700017709,-0.6521638699342627,Mom_Sharpe,Factor_Information
25,Ann. alpha,0.10186469442790536,0.11655035115512136,0.12266535893224417,0.12212837217811634,0.09714616438284751,0.0751728234425395,Mom_Sharpe,Factor_Returns
26,beta,-0.07838876704739628,-0.09732234915883489,-0.0985315791299591,-0.08851032066803155,-0.04995929249214498,-0.04767695595059551,Mom_Sharpe,Factor_Returns
27,Mean Period Wise Return Top Quantile (bps),23.44279571230956,25.872588957664977,27.605325512447543,26.37314392549328,23.68235284962994,18.116844474620475,Mom_Sharpe,Factor_Returns
28,Mean Period Wise Return Bottom Quantile (bps),-8.40894549440696,-10.543616334369732,-13.220669709715915,-15.498873480782605,-13.4309744848915,-10.243311088730112,Mom_Sharpe,Factor_Returns
29,Mean Period Wise Spread (bps),31.85174120671571,36.47735999952588,40.92715907645027,41.77712325368485,36.92607328450091,27.995325903348018,Mom_Sharpe,Factor_Returns
30,Mean Factor Rank Autocorrelation,0.9785202500057422,0.9601115345751732,0.9252151732264613,0.7668964554279772,0.5384204756480401,0.1138016490167317,Mom_Sharpe,Factor_Turnover
31,Quantile 1 Mean Turnover ,0.11548473572591374,0.15950792885089277,0.22246178606895414,0.39480365803844786,0.5608490741370169,0.7775087077996738,Mom_Sharpe,Factor_Turnover
32,Quantile 2 Mean Turnover ,0.25764162167689125,0.3461255759155549,0.4541144572706037,0.6366478310418887,0.7258134599384853,0.7827515217279434,Mom_Sharpe,Factor_Turnover
33,Quantile 3 Mean Turnover ,0.2731809799267521,0.3661201905907994,0.47888672797480386,0.6775620622974783,0.7619413969947726,0.8053839356935842,Mom_Sharpe,Factor_Turnover
34,Quantile 4 Mean Turnover ,0.23185320403185855,0.3158847375487122,0.42039393547757253,0.6341898902108517,0.7329030178568566,0.7984161769027914,Mom_Sharpe,Factor_Turnover
35,Quantile 5 Mean Turnover ,0.10146612733222275,0.14077811847394597,0.1955207204834233,0.36075815449909326,0.5248367196933409,0.7441675810583736,Mom_Sharpe,Factor_Turnover
36,IC Mean,0.02953395406113565,0.0400058026319454,0.0550268167170141,0.08686330105602659,0.09471004718132217,0.0796711401102374,Mom_Slope,Factor_Information
37,IC Std.,0.11309250487301792,0.11821185265650755,0.12178120990792105,0.12126625489225597,0.138126000144113,0.1429728207497743,Mom_Slope,Factor_Information
38,Risk-Adjusted IC,0.2611486419395949,0.33842463114246,0.4518498113019238,0.7163023310417551,0.685678634598171,0.5572467528613348,Mom_Slope,Factor_Information
39,t-stat(IC),11.537924117483993,14.952088912307628,19.96337716551077,31.647271375235903,30.29427224363528,24.619966244035062,Mom_Slope,Factor_Information
40,p-value(IC),7.708870965819218e-30,6.137961543666839e-48,7.830291357818021e-81,9.112867725977863e-178,1.4843906948293573e-165,8.90482410766333e-117,Mom_Slope,Factor_Information
41,IC Skew,-0.4991010899259359,-0.4997792416511421,-0.38650928241997423,-0.5073252856661254,-0.6441411674660692,-0.34299599279395937,Mom_Slope,Factor_Information
42,IC Kurtosis,1.0153786202058104,0.8512816721976981,0.301418643225269,0.26412687088342723,0.21820355989926377,-0.08844051411418263,Mom_Slope,Factor_Information
43,Ann. alpha,0.0959121278398265,0.10216560078191672,0.10150934679713353,0.09780119117717789,0.08261042817611464,0.08022505365458588,Mom_Slope,Factor_Returns
44,beta,-0.02585165619445569,-0.04649373994008294,-0.0517683715524193,-0.060602297476749875,-0.057683566793479094,-0.0834556605828353,Mom_Slope,Factor_Returns
45,Mean Period Wise Return Top Quantile (bps),30.16314070817483,30.25942639412804,29.22222531550167,25.65120283491984,23.8037271998226,22.538878138282925,Mom_Slope,Factor_Returns
46,Mean Period Wise Return Bottom Quantile (bps),-12.181458737212658,-12.029553064119014,-12.233285355863766,-11.161905923218196,-6.832785558190668,-2.028864226329974,Mom_Slope,Factor_Returns
47,Mean Period Wise Spread (bps),42.344599445387736,42.33292107327514,41.48965005535417,36.76606855979984,30.599511754001007,24.763118002230506,Mom_Slope,Factor_Returns
48,Mean Factor Rank Autocorrelation,0.9753544551638003,0.9537111764746338,0.9129560462060675,0.6555949738896953,0.29632702280291856,-0.3075844442327058,Mom_Slope,Factor_Turnover
49,Quantile 1 Mean Turnover ,0.11555241459615762,0.15832644838760698,0.2197610367295479,0.4554269293420338,0.6749466498450791,0.9180705475392166,Mom_Slope,Factor_Turnover
50,Quantile 2 Mean Turnover ,0.2676416300110121,0.3574464987146262,0.465157118655468,0.6833086016951799,0.7619757111458509,0.8076547883905886,Mom_Slope,Factor_Turnover
51,Quantile 3 Mean Turnover ,0.2979910163556486,0.39488062118243566,0.5046311534691736,0.712509162012244,0.7771506033966274,0.7876419391891221,Mom_Slope,Factor_Turnover
52,Quantile 4 Mean Turnover ,0.25125370547793163,0.33670252149076757,0.44398863997914745,0.6735107342539428,0.7668306288198431,0.8302249586348127,Mom_Slope,Factor_Turnover
53,Quantile 5 Mean Turnover ,0.10648495067181718,0.1464337395644931,0.20600885290084991,0.42944478671410174,0.631746817762232,0.8753214533422387,Mom_Slope,Factor_Turnover
54,IC Mean,0.014714380825669574,0.006849835060434929,-0.0037529394167464714,-0.02341373030037642,-0.034474270338865035,-0.04779577324291928,StDev,Factor_Information
55,IC Std.,0.16827472082117798,0.16795302679472035,0.16666641667427712,0.1640918991472827,0.180958414077549,0.17708921000099093,StDev,Factor_Information
56,Risk-Adjusted IC,0.08744261023797055,0.0407842311100895,-0.022517670275956025,-0.14268669216486513,-0.19050935274052094,-0.2698965862609689,StDev,Factor_Information
57,t-stat(IC),3.8633407934543174,1.8019062256773561,-0.9948631898556873,-6.304104109236807,-8.416978312678904,-11.924420930235284,StDev,Factor_Information
58,p-value(IC),0.0001154986506186347,0.07171447144260003,0.31992617749617214,3.5747679891214816e-10,7.368385410196134e-17,1.0826381264824932e-31,StDev,Factor_Information
59,IC Skew,0.029736460453875017,-0.0437141684191056,-0.014825689594365699,0.03316821452076209,-0.14449564302025478,-0.16441189489573163,StDev,Factor_Information
60,IC Kurtosis,-0.17968671740204378,-0.4717926512661341,-0.5959794542439769,-0.5180061216284106,-1.0573964540292615,-0.9506394156536304,StDev,Factor_Information
61,Ann. alpha,0.01364087625486099,0.010437521196761779,0.0059636241692393455,0.011086755897502298,0.009124816184048257,0.007971549705062086,StDev,Factor_Returns
62,beta,-0.3273249279869954,-0.3159382781151334,-0.3027553659046569,-0.33393823514014936,-0.35426861158201434,-0.3996568916590633,StDev,Factor_Returns
63,Mean Period Wise Return Top Quantile (bps),-10.928067253096474,-10.283579222002404,-10.346548778333853,-11.90504457241115,-13.290206069473953,-20.260971155348084,StDev,Factor_Returns
64,Mean Period Wise Return Bottom Quantile (bps),23.914121196975113,24.161031176184178,24.562762012323436,25.753824168941453,28.553363210956917,35.18379395816007,StDev,Factor_Returns
65,Mean Period Wise Spread (bps),-34.84218845007087,-34.27949821249863,-34.73348173550687,-37.46863421301895,-41.72232979529795,-56.90538188164635,StDev,Factor_Returns
66,Mean Factor Rank Autocorrelation,0.9952154498331113,0.9907284562412776,0.9817025313724086,0.9337905537302066,0.8579741431501449,0.706738187622726,StDev,Factor_Turnover
67,Quantile 1 Mean Turnover ,0.0322766174152222,0.05132743485107753,0.08276358035616586,0.19091960070129682,0.30140259862999325,0.45937620634473725,StDev,Factor_Turnover
68,Quantile 2 Mean Turnover ,0.07108995128455205,0.11185813087414538,0.17616642527715318,0.37698331451478057,0.5369417410106402,0.6773962229304041,StDev,Factor_Turnover
69,Quantile 3 Mean Turnover ,0.08491003023585149,0.13286710438912913,0.20802045351996412,0.42599564273064977,0.5830189295130035,0.7096965989361097,StDev,Factor_Turnover
70,Quantile 4 Mean Turnover ,0.08015548251666343,0.12477122242565816,0.19610566889496187,0.4012805036384394,0.551739541822208,0.6777576367083421,StDev,Factor_Turnover
71,Quantile 5 Mean Turnover ,0.03707147968265683,0.05805877123258285,0.09111141365614178,0.1942864753466308,0.2950941985764493,0.4245333989706496,StDev,Factor_Turnover
72,IC Mean,0.012669482613030091,0.017786151187513415,0.02482277094493555,0.04468698471853654,0.05759001059966262,0.07416545402051335,ROE,Factor_Information
73,IC Std.,0.10385393132428677,0.10611217821656604,0.11225219582839967,0.11061513148847898,0.1052530744338072,0.1018915877688685,ROE,Factor_Information
74,Risk-Adjusted IC,0.12199328856862704,0.1676164930967054,0.22113394541414771,0.4039861826968119,0.5471575144902823,0.7278859388151916,ROE,Factor_Information
75,t-stat(IC),5.389839655657556,7.405538714751965,9.77001704101698,17.84869293536657,24.174209123248193,32.159051894192245,ROE,Factor_Information
76,p-value(IC),7.906519338043804e-08,1.9332241821144568e-13,4.804143691782995e-22,4.014969224371959e-66,3.7547255230290454e-113,1.973549710160571e-182,ROE,Factor_Information
77,IC Skew,0.035816982321646824,-0.05168402535503439,-0.1395023805167421,-0.09366518501156015,-0.19143494269673855,-0.6115872294626972,ROE,Factor_Information
78,IC Kurtosis,-0.15884031225501571,-0.24438803222103989,-0.32216796879807275,-0.6955415351145442,-0.9029481664170143,-0.619171304206481,ROE,Factor_Information
79,Ann. alpha,0.02204784602680676,0.020652512552148616,0.02043071117609352,0.027631675821044865,0.006757864902784849,-0.008688676813174867,ROE,Factor_Returns
80,beta,-0.021766151025179353,-0.02365857441167,-0.018725612040037642,-0.09551706786698222,-0.08510895251381304,-0.044609269600517754,ROE,Factor_Returns
81,Mean Period Wise Return Top Quantile (bps),1.5978377641623354,1.56707390040145,1.1841977153692618,1.6282314569870948,1.1611439317227301,0.49235592124885486,ROE,Factor_Returns
82,Mean Period Wise Return Bottom Quantile (bps),-9.982612657530865,-10.018778362885783,-10.038093373505586,-11.725918787269807,-12.577338899723012,-13.086627240358473,ROE,Factor_Returns
83,Mean Period Wise Spread (bps),11.580450421693278,11.632742096035592,11.33239290695031,13.55835590812081,13.960045373528223,14.400198162905994,ROE,Factor_Returns
84,Mean Factor Rank Autocorrelation,0.9972618563014073,0.9945121792360545,0.9889656487914925,0.9626423614529706,0.9240834899007614,0.847903130578113,ROE,Factor_Turnover
85,Quantile 1 Mean Turnover ,0.0057782791951691516,0.011457645115161166,0.022722825624673194,0.07402186379199872,0.14425591647825062,0.2754308648608857,ROE,Factor_Turnover
86,Quantile 2 Mean Turnover ,0.007407961926998706,0.014320052540828744,0.027802810954036493,0.08781010244844352,0.16897225292921747,0.32045934512133495,ROE,Factor_Turnover
87,Quantile 3 Mean Turnover ,0.008122232795510357,0.015765050636147904,0.030723874806501,0.09708127628734285,0.18795740702400748,0.3545853069700355,ROE,Factor_Turnover
88,Quantile 4 Mean Turnover ,0.0071200314027515,0.013907488415992536,0.027210078431662604,0.08523965668199364,0.1665996183086047,0.3156781210554601,ROE,Factor_Turnover
89,Quantile 5 Mean Turnover ,0.0037710558755236693,0.007438923963063797,0.014629479929329616,0.04635044967443451,0.09079605804601437,0.17181025031114144,ROE,Factor_Turnover
90,IC Mean,0.021272390916947912,0.02766588134196357,0.036817240365160694,0.06162671327843457,0.07692592991012864,0.09318542156193396,E/P,Factor_Information
91,IC Std.,0.08308405520603747,0.09127060186924348,0.09975579078588134,0.12253660525322173,0.14365168743501944,0.14414587780057467,E/P,Factor_Information
92,Risk-Adjusted IC,0.2560345768414312,0.3031193043034645,0.36907371567216846,0.5029249272173245,0.5355031415480305,0.6464660868821769,E/P,Factor_Information
93,t-stat(IC),11.311977336385524,13.392248589241605,16.306209726215307,22.219949542631884,23.659302096943694,28.561805259927958,E/P,Factor_Information
94,p-value(IC),8.824850359912149e-29,3.4145560980486194e-39,3.870247961557579e-56,1.0731015335700854e-97,5.217266722717908e-109,3.3238870698809436e-150,E/P,Factor_Information
95,IC Skew,-0.04077117873522908,-0.09062873656317778,-0.13571804760451,-0.018385743584242175,0.0013899260512004001,0.40366485003586977,E/P,Factor_Information
96,IC Kurtosis,-0.09845358735631793,-0.05204391620147675,-0.27434751486686304,-0.15277907727796247,-0.8775473786637442,-0.985249317635327,E/P,Factor_Information
97,Ann. alpha,0.06412329102472292,0.05932681064659806,0.05577438417847458,0.030609126781445894,0.01104111120378426,-0.012102983678213608,E/P,Factor_Returns
98,beta,0.02963374149953442,0.03379515510631162,0.039409609816006566,0.12840100608631422,0.22892827727835674,0.30610314582959625,E/P,Factor_Returns
99,Mean Period Wise Return Top Quantile (bps),20.867879332029382,20.71836993818632,20.713380699408646,21.176955548525278,23.560971893286098,26.070440580923115,E/P,Factor_Returns
100,Mean Period Wise Return Bottom Quantile (bps),-16.935947610187128,-15.814382473947619,-14.671292547348003,-14.9892979965216,-17.011616556589225,-17.579209791342976,E/P,Factor_Returns
101,Mean Period Wise Spread (bps),37.803826942215935,36.458829958074816,35.2858969564315,35.835336591248016,39.97098476069306,44.18767877756452,E/P,Factor_Returns
102,Mean Factor Rank Autocorrelation,0.9934787753535147,0.9872870535246355,0.9750832613978141,0.9201793906123258,0.8470134119363988,0.7275003856434435,E/P,Factor_Turnover
103,Quantile 1 Mean Turnover ,0.03125823589675929,0.04601097730895887,0.07011820595047172,0.15359530195402976,0.2476160831578897,0.3739232452252055,E/P,Factor_Turnover
104,Quantile 2 Mean Turnover ,0.07122187117353468,0.10122906810218629,0.14781047037152237,0.2836840749878128,0.40646068799937524,0.534908438092939,E/P,Factor_Turnover
105,Quantile 3 Mean Turnover ,0.08872967418437068,0.1263374473760898,0.1823440514312363,0.34166209565419575,0.4646384673185297,0.5870465630129952,E/P,Factor_Turnover
106,Quantile 4 Mean Turnover ,0.08239889016197453,0.1183511507897069,0.1697042199346953,0.3209080708389939,0.43889211082462043,0.5357749150923428,E/P,Factor_Turnover
107,Quantile 5 Mean Turnover ,0.037782152556753226,0.05582784689184011,0.08194129420412033,0.16847936431956723,0.24794605032888725,0.33348879769862727,E/P,Factor_Turnover
108,IC Mean,-0.00032355305849338377,-0.0036746957330794413,-0.0068785374686460765,-0.012495390249413986,-0.012758035386575575,-0.008662198386423901,Sales/Price,Factor_Information
109,IC Std.,0.11312674866788167,0.12120546680996626,0.13384637119828444,0.15565086124964092,0.16454514362390954,0.16599293576703006,Sales/Price,Factor_Information
110,Risk-Adjusted IC,-0.002860093322784987,-0.030317904215004313,-0.051391288438115246,-0.08027832386595814,-0.07753516819515385,-0.05218413871889847,Sales/Price,Factor_Information
111,t-stat(IC),-0.12636305317203209,-1.3394887893569052,-2.2705413357495434,-3.5468122758167593,-3.4256156969752305,-2.3055706060848715,Sales/Price,Factor_Information
112,p-value(IC),0.8994575674573256,0.18056761249279388,0.023283358039177707,0.0003991255999361963,0.0006261117446886174,0.02123907731888147,Sales/Price,Factor_Information
113,IC Skew,0.09520337007749646,0.1699186445346164,0.22494987050728898,0.277248276128665,0.1902711502980148,0.5038725622847979,Sales/Price,Factor_Information
114,IC Kurtosis,0.0008897572041899338,-0.1732287180412757,-0.28157703224594366,-0.5558186789795774,-1.0768872225617798,-0.9331953029917668,Sales/Price,Factor_Information
115,Ann. alpha,0.014263737372018692,0.02156935989123321,0.019491874594479652,0.00013698129608696874,0.005331972087856407,0.011686003250320542,Sales/Price,Factor_Returns
116,beta,0.028060010938635464,0.010173388698228165,0.01960278611852663,0.03409655961211394,0.016886517580972205,0.03763050951729634,Sales/Price,Factor_Returns
117,Mean Period Wise Return Top Quantile (bps),-5.548489223541342,-5.593972710448147,-5.365178448121233,-6.272160285917261,-5.250972815095123,-4.338591977586237,Sales/Price,Factor_Returns
118,Mean Period Wise Return Bottom Quantile (bps),-3.3313051383876413,-3.261897278472592,-3.649394633715719,-3.190350206153658,-4.1078799994132,-7.533830397623564,Sales/Price,Factor_Returns
119,Mean Period Wise Spread (bps),-2.217184085154252,-2.4318579959820634,-1.8567991942926645,-3.173276198897304,-0.9223501055304033,3.464442887883012,Sales/Price,Factor_Returns
120,Mean Factor Rank Autocorrelation,0.9993548746775605,0.9988278643619587,0.9978189340635368,0.9931958118823565,0.9863805149392955,0.9741676921886631,Sales/Price,Factor_Turnover
121,Quantile 1 Mean Turnover ,0.01567126184574482,0.02223665614243106,0.032771920507321674,0.06410790119470604,0.09411412312435694,0.14143504621055691,Sales/Price,Factor_Turnover
122,Quantile 2 Mean Turnover ,0.041074963612702534,0.05724034610567274,0.08089048299085487,0.15173341266199103,0.21879029386629956,0.3083975264021641,Sales/Price,Factor_Turnover
123,Quantile 3 Mean Turnover ,0.044838595061557865,0.06279913125508542,0.08843388554566031,0.1678226284896923,0.2418203042668565,0.33590595674029833,Sales/Price,Factor_Turnover
124,Quantile 4 Mean Turnover ,0.031667540523815665,0.04417958346402432,0.06295900485517729,0.11814793929344548,0.17277149777435033,0.25206786547530885,Sales/Price,Factor_Turnover
125,Quantile 5 Mean Turnover ,0.012732156432130737,0.017401216986061303,0.02453000940429316,0.04509416429895929,0.06815019191388348,0.10367215548257654,Sales/Price,Factor_Turnover
126,IC Mean,-0.012162989372336792,-0.010701487540473708,-0.008267889859086225,-0.0015837851004375254,0.008003839134931587,0.02705014004391862,BV/Price,Factor_Information
127,IC Std.,0.14554683014929232,0.1584617668681553,0.17249795534180384,0.1865567857459212,0.1965700461567877,0.19413429587371345,BV/Price,Factor_Information
128,Risk-Adjusted IC,-0.08356753190612809,-0.06753356189305683,-0.04793036440752844,-0.008489560399022648,0.040717491252698725,0.13933725580108236,BV/Price,Factor_Information
129,t-stat(IC),-3.6921342368740033,-2.983730287541498,-2.117632714265985,-0.37508103793769193,1.7989575624008733,6.15612117386852,BV/Price,Factor_Information
130,p-value(IC),0.00022848973021134087,0.002882924566341835,0.0343323704297701,0.7076409681273162,0.0721798847957098,9.025598909161491e-10,BV/Price,Factor_Information
131,IC Skew,0.3388390157610653,0.34716582230963866,0.316108222478081,0.4041320195312838,0.27833151265350253,0.5523222802635256,BV/Price,Factor_Information
132,IC Kurtosis,0.10955152418250336,-0.3206371066919278,-0.3914684203823007,-0.05041167215445608,-0.8528632164062335,-1.1788404000026553,BV/Price,Factor_Information
133,Ann. alpha,0.03220073676258295,0.0389693975845653,0.04793961772403321,0.03757699727393948,0.18283191511036412,0.24704046273971492,BV/Price,Factor_Returns
134,beta,0.19286918628193367,0.20649989904451505,0.19941161383478267,0.22442607855862715,-0.09855694687774139,0.022403124837411973,BV/Price,Factor_Returns
135,Mean Period Wise Return Top Quantile (bps),10.440017513435595,9.76427863325302,9.654458679617672,10.773633167744379,15.598230119600043,25.167956006857395,BV/Price,Factor_Returns
136,Mean Period Wise Return Bottom Quantile (bps),-11.069688330360705,-10.567117631977707,-10.578553971035687,-12.072548911611358,-15.378027594044053,-22.7186874844576,BV/Price,Factor_Returns
137,Mean Period Wise Spread (bps),21.50970584379563,20.2637364223163,20.154884510919317,22.967996443498965,31.63882078464093,50.76053273970226,BV/Price,Factor_Returns
138,Mean Factor Rank Autocorrelation,0.9988899789002095,0.9979414115814836,0.9961162910792225,0.9876492688912615,0.9751831156325943,0.9491896750158595,BV/Price,Factor_Turnover
139,Quantile 1 Mean Turnover ,0.021080204004783862,0.0295210468209523,0.04236721369756156,0.08193363310480134,0.1246523027461521,0.17846802270904416,BV/Price,Factor_Turnover
140,Quantile 2 Mean Turnover ,0.04568121787902746,0.06299936621495522,0.08892275064968468,0.16694195332371597,0.24719887219723902,0.35451164675037056,BV/Price,Factor_Turnover
141,Quantile 3 Mean Turnover ,0.051667368166753075,0.07130601476081036,0.1005357274705449,0.19052988042023747,0.2789929629373498,0.40843454335543683,BV/Price,Factor_Turnover
142,Quantile 4 Mean Turnover ,0.044057379598478455,0.06109678922532923,0.08599740212200416,0.16283085335586736,0.24302635043815182,0.36288486864291547,BV/Price,Factor_Turnover
143,Quantile 5 Mean Turnover ,0.018026521014564728,0.0254177856912108,0.03611818652504766,0.07038495473713921,0.10859591902988573,0.17238125954288008,BV/Price,Factor_Turnover
144,IC Mean,0.003484382283095667,0.019427716894496603,0.0410280795917036,0.09669960139832415,0.1428187945922215,0.19818382873303672,Size_Factor,Factor_Information
145,IC Std.,0.14424098787142176,0.15496614883589435,0.16203749209344276,0.17493938167643006,0.19055677852740147,0.18958831728070394,Size_Factor,Factor_Information
146,Risk-Adjusted IC,0.024156672347541666,0.12536748858016802,0.2532011515461112,0.5527606218317432,0.7494815754963269,1.045337769624308,Size_Factor,Factor_Information
147,t-stat(IC),1.0672766682100112,5.538916684744242,11.186792515177343,24.421762496866066,33.113178308348964,46.18453220160708,Size_Factor,Factor_Information
148,p-value(IC),0.2859789653675979,3.4558303871309075e-08,3.3459063797724803e-28,3.67931987343911e-115,3.464381860008901e-191,2.68095954e-315,Size_Factor,Factor_Information
149,IC Skew,0.06022217712089459,0.0411934299586479,0.009855005670891634,0.08516613016041813,0.27585192357995647,0.23758437649392292,Size_Factor,Factor_Information
150,IC Kurtosis,0.1457908049222718,-0.3224642000578304,-0.6010068922345515,-0.7488360075662857,-0.8098923618651837,-0.7228219717363542,Size_Factor,Factor_Information
151,Ann. alpha,0.0727247107140514,0.06334153236323226,0.058952638373685584,0.040451684881489314,0.036838649281933256,0.03202136256698895,Size_Factor,Factor_Returns
152,beta,0.2121097184195302,0.2420440684437533,0.2634296922077062,0.38422760603110917,0.47068164693078723,0.5686282846418812,Size_Factor,Factor_Returns
153,Mean Period Wise Return Top Quantile (bps),44.0593279045376,43.23691435900612,43.31808938564219,48.26046349783341,55.74121455700354,65.45158684255537,Size_Factor,Factor_Returns
154,Mean Period Wise Return Bottom Quantile (bps),-23.318566519175967,-22.91522902359011,-23.04452057520723,-26.83350481364144,-30.557430968044528,-40.93026859992466,Size_Factor,Factor_Returns
155,Mean Period Wise Spread (bps),67.37789442371351,66.03150004233399,66.1232534952567,74.65721733031678,85.83025832532753,112.23196172284288,Size_Factor,Factor_Returns
156,Mean Factor Rank Autocorrelation,0.9989730976510343,0.9981175523300123,0.9964828777476652,0.9892939858011759,0.9786828369561468,0.9566326448112681,Size_Factor,Factor_Turnover
157,Quantile 1 Mean Turnover ,0.014194771379408595,0.019846760288243486,0.027082001608745066,0.053305974589011255,0.0810926129077373,0.12168281640277731,Size_Factor,Factor_Turnover
158,Quantile 2 Mean Turnover ,0.03740177621022746,0.050936758474908465,0.07051372789775903,0.13206370887895952,0.19265029920330934,0.28718192031828477,Size_Factor,Factor_Turnover
159,Quantile 3 Mean Turnover ,0.050806110936075004,0.06895023409434717,0.09738239259012418,0.18525502763934706,0.27008896145783196,0.3893309515005816,Size_Factor,Factor_Turnover
160,Quantile 4 Mean Turnover ,0.052119286387913924,0.0711679390674456,0.09994368501015027,0.1891940366096613,0.2762484721875864,0.39752546838500724,Size_Factor,Factor_Turnover
161,Quantile 5 Mean Turnover ,0.025301731284036053,0.03493892373629161,0.04923066061013818,0.09341664815147803,0.14002147232603387,0.21436647159035463,Size_Factor,Factor_Turnover
162,IC Mean,0.01071486098854282,0.011256101580045195,0.012180216856647927,0.022176079485078236,0.027034996186801677,0.027275475648436624,Quality,Factor_Information
163,IC Std.,0.07674094537441582,0.08161617507327232,0.0817728015543771,0.0762730704933649,0.06353268417446868,0.051248852107588054,Quality,Factor_Information
164,Risk-Adjusted IC,0.13962378149324936,0.13791508325328694,0.14895193297918688,0.2907458601264435,0.4255289468419153,0.5322163234246985,Quality,Factor_Information
165,t-stat(IC),6.168780292711233,6.093287536991965,6.580911495851991,12.845571957396752,18.800483364529757,23.514085725863556,Quality,Factor_Information
166,p-value(IC),8.34468021390795e-10,1.3292803042968884e-09,5.990030546709245e-11,2.5814364954658297e-36,1.3265532904930284e-72,7.533371008173682e-108,Quality,Factor_Information
167,IC Skew,-0.16373195105260638,-0.24175029352950678,-0.20073030443451914,-0.3885710810221345,-0.09567422068171336,0.04077596006327263,Quality,Factor_Information
168,IC Kurtosis,-0.20218753968616232,-0.2377799782592982,-0.18152957524831237,-0.06466428869469532,-0.7169489762845496,-0.588162100565325,Quality,Factor_Information
169,Ann. alpha,-0.006218552408041034,-0.003983231999034831,-0.005033633091156231,0.00956268760725032,0.00914370719816926,0.008097129370997935,Quality,Factor_Returns
170,beta,-0.03934770057422602,-0.04264496910144891,-0.038204518245655905,-0.10206968017893447,-0.09617220888169152,-0.12040504947789885,Quality,Factor_Returns
171,Mean Period Wise Return Top Quantile (bps),-1.827963307741154,-1.8319626744756068,-2.035202114493151,-3.339997626726765,-3.884636907390826,-6.244854730186322,Quality,Factor_Returns
172,Mean Period Wise Return Bottom Quantile (bps),-1.7759437724718108,-2.0141035704901444,-2.331922890925764,-2.9958601228485815,-3.4211714618692657,-2.262224523483791,Quality,Factor_Returns
173,Mean Period Wise Spread (bps),-0.052019535268665144,0.20783015920997241,0.32436625756274257,-0.403451327385684,-0.6013892584283608,-3.860687328300837,Quality,Factor_Returns
174,Mean Factor Rank Autocorrelation,0.9991009992319594,0.9982251868847021,0.9964731824108173,0.9881943435736791,0.9765513203908784,0.9541816727772083,Quality,Factor_Turnover
175,Quantile 1 Mean Turnover ,0.003878662676965494,0.007311930328838765,0.014104992524274508,0.04373884536240873,0.08413520311079209,0.15896013560161829,Quality,Factor_Turnover
176,Quantile 2 Mean Turnover ,0.007053047600120658,0.013646820869623318,0.026328878935201725,0.08092893033085617,0.1560809994157383,0.29001953304459627,Quality,Factor_Turnover
177,Quantile 3 Mean Turnover ,0.007429135467433442,0.014363177185176728,0.027763777210007105,0.0866266603199583,0.16846908209338543,0.30649053375034724,Quality,Factor_Turnover
178,Quantile 4 Mean Turnover ,0.0066769089858448915,0.012938248497345449,0.025235102537940226,0.07872972876821122,0.1524563937778324,0.2826556801164599,Quality,Factor_Turnover
179,Quantile 5 Mean Turnover ,0.0036754260745971022,0.007249729969797932,0.014363973891721936,0.046154219332001506,0.08857649812865982,0.16461590604160653,Quality,Factor_Turnover
180,IC Mean,-0.0002736298854508207,-0.0035685429437117356,-0.006736080774237133,-0.01224932297714408,-0.012452880309913268,-0.008279785037625111,Value,Factor_Information
181,IC Std.,0.11330437137651063,0.12141373985156459,0.13410250257512935,0.15593590348212424,0.16483730870810795,0.16627001813994483,Value,Factor_Information
182,Risk-Adjusted IC,-0.0024149984870534967,-0.029391590672311785,-0.05023083570318401,-0.07855357684542665,-0.07554649131019658,-0.04979722219466078,Value,Factor_Information
183,t-stat(IC),-0.10669812058186566,-1.2985629193803137,-2.219270858146748,-3.4706104617963875,-3.3377530804116824,-2.2001131871724757,Value,Factor_Information
184,p-value(IC),0.9150394433784292,0.19424743496293845,0.02658293324679757,0.0005305711268040931,0.0008604593613656288,0.027915722069726073,Value,Factor_Information
185,IC Skew,0.09581444066399816,0.16983191812570714,0.22503912087640954,0.27988039923604646,0.18818127279046148,0.5036138707737032,Value,Factor_Information
186,IC Kurtosis,-0.0028662376711512394,-0.17634393339922694,-0.28261886565677097,-0.5469215129480518,-1.0774390436970078,-0.9310071458809932,Value,Factor_Information
187,Ann. alpha,0.014090187437153512,0.021443875409818958,0.0191240579528984,-9.956749538198029e-05,0.005339056637533979,0.011845055433998164,Value,Factor_Returns
188,beta,0.028112526115573598,0.010201502306523223,0.019995696860745663,0.03446394561299334,0.017007980025250207,0.03782163034968586,Value,Factor_Returns
189,Mean Period Wise Return Top Quantile (bps),-5.426684602687359,-5.451037518889867,-5.305952879353093,-6.278174214404686,-5.175892435960172,-4.222452882998162,Value,Factor_Returns
190,Mean Period Wise Return Bottom Quantile (bps),-3.5860980226520844,-3.619487010586564,-4.008887861386423,-3.7196333355415945,-4.7776344202221654,-8.290579464027559,Value,Factor_Returns
191,Mean Period Wise Spread (bps),-1.8405865800348509,-1.930789704477559,-1.435174582567207,-2.6085027150162463,-0.10846252628627694,4.355860423441375,Value,Factor_Returns
192,Mean Factor Rank Autocorrelation,0.999304327470235,0.9987605861509142,0.9977347648025804,0.993052457872334,0.9861704510918238,0.9739004060448055,Value,Factor_Turnover
193,Quantile 1 Mean Turnover ,0.016230227551732836,0.023281263458841454,0.0339339005914658,0.06658608294826389,0.09670563761530318,0.14534756026287798,Value,Factor_Turnover
194,Quantile 2 Mean Turnover ,0.04135792867177306,0.0583324640703089,0.08241019658831035,0.15475910705755072,0.22199689343871723,0.3128338980621468,Value,Factor_Turnover
195,Quantile 3 Mean Turnover ,0.0450508003227968,0.06319574513715041,0.08901061519372283,0.16870884611366238,0.24294095830418203,0.33707202926690655,Value,Factor_Turnover
196,Quantile 4 Mean Turnover ,0.032470498763713,0.04486440991409327,0.06333800738722987,0.11919340443801592,0.1735844729583442,0.25285120988299953,Value,Factor_Turnover
197,Quantile 5 Mean Turnover ,0.013091343896070006,0.0177351982223494,0.02468864048571456,0.04559169301955011,0.06868387274021542,0.10438685225987655,Value,Factor_Turnover
198,IC Mean,0.029162892156723526,0.049253348483052364,0.07681334095861814,0.14182881318442847,0.18087387172818487,0.20841647818314887,MomSharpe_Size_EP,Factor_Information
199,IC Std.,0.10685099854402443,0.10964433732065905,0.11081553534400872,0.12170957629747396,0.14795705981363375,0.16219610176716656,MomSharpe_Size_EP,Factor_Information
200,Risk-Adjusted IC,0.2729304597439763,0.44921014332923614,0.693164010986038,1.1653052906681762,1.2224754395363968,1.2849660128227491,MomSharpe_Size_EP,Factor_Information
201,t-stat(IC),12.058461841836449,19.846752822615418,30.624986981849432,51.48487052267347,54.01073025729673,56.77165402577177,MomSharpe_Size_EP,Factor_Information
202,p-value(IC),2.398200248181077e-32,5.41845815684262e-80,1.5976426158241465e-168,0.0,0.0,0.0,MomSharpe_Size_EP,Factor_Information
203,IC Skew,-0.046782262331081195,0.06097800824661741,0.13505908573894704,-0.09955783530418684,0.09951457931598111,-0.030841274618181626,MomSharpe_Size_EP,Factor_Information
204,IC Kurtosis,0.31245925753555115,-0.12699162086364035,-0.4141407760107785,-0.6880484009618271,-1.2360580996876802,-0.9762186193291469,MomSharpe_Size_EP,Factor_Information
205,Ann. alpha,0.1453988996492277,0.14575413956437933,0.1450238321932571,0.11992741647689376,0.09084668565040688,0.05780684432088479,MomSharpe_Size_EP,Factor_Returns
206,beta,0.09803151226703864,0.10550875048993293,0.11593643943586251,0.2316979587596673,0.36456779493573466,0.49143019037044566,MomSharpe_Size_EP,Factor_Returns
207,Mean Period Wise Return Top Quantile (bps),46.78958797597055,47.078480690410096,47.85239161865906,49.88029645188297,50.938683138876954,54.75372707893777,MomSharpe_Size_EP,Factor_Returns
208,Mean Period Wise Return Bottom Quantile (bps),-24.447796050528492,-25.014614787045588,-25.807088066871486,-28.78968637169521,-31.79378832509738,-37.95931764513982,MomSharpe_Size_EP,Factor_Returns
209,Mean Period Wise Spread (bps),71.23738402649995,71.94584594097124,73.42362062976908,78.1701536413806,81.93727495327329,92.61554711416363,MomSharpe_Size_EP,Factor_Returns
210,Mean Factor Rank Autocorrelation,0.9920257485733844,0.9854395969180699,0.9731561604693733,0.9192579187044135,0.8473669071683698,0.7254886455132766,MomSharpe_Size_EP,Factor_Turnover
211,Quantile 1 Mean Turnover ,0.069534803962153,0.09587508553559183,0.13357337115231044,0.24300433302674274,0.34791048909221745,0.48222551403689956,MomSharpe_Size_EP,Factor_Turnover
212,Quantile 2 Mean Turnover ,0.14512646035883614,0.19787738016150194,0.2703665135870265,0.4588868801266704,0.58476407418574,0.7010472556372166,MomSharpe_Size_EP,Factor_Turnover
213,Quantile 3 Mean Turnover ,0.14380627908883162,0.1953823033854881,0.2696847539005404,0.4639439068132575,0.5975301980312276,0.7140638887972219,MomSharpe_Size_EP,Factor_Turnover
214,Quantile 4 Mean Turnover ,0.11953766236580275,0.1632733564508697,0.22683784960643066,0.3974136168531497,0.5313609800462562,0.6556186305451577,MomSharpe_Size_EP,Factor_Turnover
215,Quantile 5 Mean Turnover ,0.05229870809702449,0.07215455652882043,0.10132250447402569,0.18933903708533514,0.27838468790454585,0.389439475665631,MomSharpe_Size_EP,Factor_Turnover
216,IC Mean,0.004186207709839142,0.01860445863042276,0.03815982204508993,0.08366747425158526,0.11581798422306283,0.1522910258187289,Vol_Size_EP,Factor_Information
217,IC Std.,0.1597702897912913,0.16885243277987794,0.17464686651911257,0.19348240916294862,0.22430180281238296,0.22503716234372606,Vol_Size_EP,Factor_Information
218,Risk-Adjusted IC,0.02620141526505088,0.11018176240715583,0.2184970323582295,0.43242935941076427,0.5163488780334891,0.6767372296763886,Vol_Size_EP,Factor_Information
219,t-stat(IC),1.1576163630549177,4.867989373187957,9.653514414322753,19.10535355649165,22.81303907479789,29.899228062187568,Vol_Size_EP,Factor_Information
220,p-value(IC),0.2471623267604224,1.2180251080238783e-06,1.4295558007325146e-21,9.945758057736654e-75,2.6199247278864006e-102,5.032065523945489e-162,Vol_Size_EP,Factor_Information
221,IC Skew,0.06052970764610621,0.09265370931296175,0.025467386059992658,0.11601664932116446,0.27126440831600307,0.24122829585231936,Vol_Size_EP,Factor_Information
222,IC Kurtosis,0.06346431296242017,-0.38332543068366265,-0.6364461335370257,-0.5885899641824675,-0.9328998542695843,-1.0181688173526395,Vol_Size_EP,Factor_Information
223,Ann. alpha,0.0644141790588002,0.05919479368537561,0.05735674979989658,0.03284405206734009,0.02197509148048904,0.008979048482934626,Vol_Size_EP,Factor_Returns
224,beta,0.28958720428346957,0.3016430287240067,0.30890775169325657,0.42894246438411515,0.5314060537261251,0.6319384969938764,Vol_Size_EP,Factor_Returns
225,Mean Period Wise Return Top Quantile (bps),42.21447111581567,41.5499892437432,41.78901534031887,45.30124708964634,49.82845872128383,55.17385054855994,Vol_Size_EP,Factor_Returns
226,Mean Period Wise Return Bottom Quantile (bps),-18.262397362281966,-17.69723431347847,-18.071438702470523,-19.927804049981734,-22.622134564420637,-32.2299348387467,Vol_Size_EP,Factor_Returns
227,Mean Period Wise Spread (bps),60.47686847809678,59.132336980690916,59.716537314964945,65.1182227600069,72.15794553612871,90.49837392449794,Vol_Size_EP,Factor_Returns
228,Mean Factor Rank Autocorrelation,0.9971149806785748,0.9944204627659864,0.9890319619123265,0.9638383145608205,0.9284170164457438,0.8672422996868899,Vol_Size_EP,Factor_Turnover
229,Quantile 1 Mean Turnover ,0.029948653672978737,0.043127517587720876,0.06454258959467027,0.12801459638233387,0.18903288105130595,0.27253475961606455,Vol_Size_EP,Factor_Turnover
230,Quantile 2 Mean Turnover ,0.06848561174023185,0.09783464010501731,0.14479804358660342,0.2844324672537745,0.4037976667227436,0.5375785977251426,Vol_Size_EP,Factor_Turnover
231,Quantile 3 Mean Turnover ,0.07841775919917905,0.11187652649451668,0.16539959159995202,0.32325963225627624,0.44885684623345395,0.5824084740391076,Vol_Size_EP,Factor_Turnover
232,Quantile 4 Mean Turnover ,0.06866544993055909,0.09830518977469271,0.14605581881574903,0.2905225846546584,0.4086914149362658,0.5417842743634024,Vol_Size_EP,Factor_Turnover
233,Quantile 5 Mean Turnover ,0.029842960413592853,0.04334344914731432,0.06576539775758335,0.14038815746740788,0.21273986923487578,0.31179277099465963,Vol_Size_EP,Factor_Turnover
234,IC Mean,0.02496197790757514,0.04355155991049716,0.06877104300482366,0.12712802406121085,0.16235167826442506,0.1870343999424236,Mom_Size,Factor_Information
235,IC Std.,0.1244753120487266,0.12691450367463275,0.12701103185058535,0.13035289964654923,0.14119950443192292,0.15803626832256082,Mom_Size,Factor_Information
236,Risk-Adjusted IC,0.20053758047863843,0.34315668146289335,0.5414572419640311,0.9752604230969729,1.1498034565886195,1.1834903590654013,Mom_Size,Factor_Information
237,t-stat(IC),8.86003989559919,15.161157728870377,23.922362851452988,43.08841383552351,50.799977107324516,52.28831310495183,Mom_Size,Factor_Information
238,p-value(IC),1.7600778246339435e-18,3.613211327996885e-49,4.045266426711421e-111,1.354641783882133e-285,0.0,0.0,Mom_Size,Factor_Information
239,IC Skew,-0.16389275670468262,-0.11926192576468216,-0.037489143222135465,-0.10754304097047186,-0.4241983273086509,-0.5700532419043222,Mom_Size,Factor_Information
240,IC Kurtosis,0.4155666690338413,-0.030845367897770704,-0.08766169053580963,-0.43516649773394667,-0.6637940165105074,-0.503267439735644,Mom_Size,Factor_Information
241,Ann. alpha,0.1291221579619748,0.12873911939202975,0.12585887220530845,0.10996701684552956,0.08895585346258916,0.07276431020155227,Mom_Size,Factor_Returns
242,beta,0.11575793085738338,0.11978665839005895,0.12811049861427004,0.21366423450795724,0.3130887191880355,0.4117917016343074,Mom_Size,Factor_Returns
243,Mean Period Wise Return Top Quantile (bps),45.37478599856648,45.062208252357735,43.55419138494243,45.37084818888593,47.26969079929199,51.3071892191963,Mom_Size,Factor_Returns
244,Mean Period Wise Return Bottom Quantile (bps),-25.43233830894276,-25.84171655119927,-26.2901115065739,-28.911732560960026,-31.8446173429765,-38.01030838744723,Mom_Size,Factor_Returns
245,Mean Period Wise Spread (bps),70.80712430750968,70.84342328121069,69.7564725494593,73.93778399352571,78.6700080816854,89.82886625518613,Mom_Size,Factor_Returns
246,Mean Factor Rank Autocorrelation,0.9842601693536899,0.9711909198691113,0.9469800140558977,0.8643383255637226,0.7544192254913961,0.5972634180945218,Mom_Size,Factor_Turnover
247,Quantile 1 Mean Turnover ,0.07874476876183044,0.10879698948036363,0.150202634714713,0.2639815052358208,0.37378037963349187,0.5030755835964159,Mom_Size,Factor_Turnover
248,Quantile 2 Mean Turnover ,0.19900185383805155,0.26885890251220523,0.35719034517890585,0.5267463791510978,0.6460018167853563,0.7448448436517137,Mom_Size,Factor_Turnover
249,Quantile 3 Mean Turnover ,0.23093467760076808,0.30794183929538277,0.4025071215695283,0.5659492077463221,0.6791617622383403,0.7730251110967,Mom_Size,Factor_Turnover
250,Quantile 4 Mean Turnover ,0.1928499167692667,0.2609440959990761,0.3506486445050077,0.515837455305389,0.6296452831261461,0.7282946046038462,Mom_Size,Factor_Turnover
251,Quantile 5 Mean Turnover ,0.08035317593594499,0.11054007886892656,0.15389618793079352,0.26245094509183853,0.3702822481887814,0.5043107618713345,Mom_Size,Factor_Turnover
252,IC Mean,0.03763275866966818,0.05010601354558084,0.06655780743521313,0.10445596798344582,0.12070439518846271,0.1208262687125331,Mom_EP,Factor_Information
253,IC Std.,0.09521484442768213,0.09747420375656238,0.09916852731056952,0.09685513583253538,0.11324279860897492,0.12241903808318799,Mom_EP,Factor_Information
254,Risk-Adjusted IC,0.39524045747143055,0.5140438353384086,0.6711585746027238,1.0784762943707233,1.0658902523705065,0.9869892020424752,Mom_EP,Factor_Information
255,t-stat(IC),17.462294165480767,22.711198959889142,29.652755025071663,47.64864007921192,47.09257056853223,43.60660822649882,Mom_EP,Factor_Information
256,p-value(IC),1.4669249988484196e-63,1.6417277824414537e-101,7.863534729953299e-160,0.0,0.0,1.4450171012283723e-290,Mom_EP,Factor_Information
257,IC Skew,-0.13500104865761525,-0.020821281892908473,0.03147265625297113,-0.15660449954606084,-0.13974190951971913,-0.15357643348966962,Mom_EP,Factor_Information
258,IC Kurtosis,0.17188425256926587,-0.133792237244029,-0.09816248074809941,-0.7284244904034725,-0.8516636581099388,-0.8075072933866054,Mom_EP,Factor_Information
259,Ann. alpha,0.1299428100105915,0.13359668119305002,0.1305580589344506,0.10782102003549165,0.0749704924549941,0.047693961363624915,Mom_EP,Factor_Returns
260,beta,-0.017114947419312524,-0.03492091346657155,-0.03873652951146969,0.022955979739784547,0.1262196408022078,0.19666898799624388,Mom_EP,Factor_Returns
261,Mean Period Wise Return Top Quantile (bps),34.16796823610957,34.617398018967904,34.297758253345464,33.15218535875131,33.02520971209422,33.612020930229306,Mom_EP,Factor_Returns
262,Mean Period Wise Return Bottom Quantile (bps),-20.259330310742342,-19.546444478437675,-19.56139279484792,-18.572794623630262,-18.321789420147063,-17.785773748497657,Mom_EP,Factor_Returns
263,Mean Period Wise Spread (bps),54.427298546853315,54.12299044060721,53.815377270027945,51.43667096918459,50.56110508043264,49.91374024025879,Mom_EP,Factor_Returns
264,Mean Factor Rank Autocorrelation,0.979162865017858,0.9615761422151039,0.9288230408729924,0.8214716752336723,0.6776435021883455,0.45818401535816766,Mom_EP,Factor_Turnover
265,Quantile 1 Mean Turnover ,0.09509383284170046,0.13172562536766189,0.18460793855115704,0.3163661591158814,0.44371958132669576,0.5998716802707311,Mom_EP,Factor_Turnover
266,Quantile 2 Mean Turnover ,0.22236020962628225,0.2994122117533101,0.3970919816807367,0.570712996152813,0.6777264247111934,0.7508579257544157,Mom_EP,Factor_Turnover
267,Quantile 3 Mean Turnover ,0.2532453608379539,0.333055434070589,0.4313254986362515,0.5917534477670748,0.6977745456424311,0.7795676802747737,Mom_EP,Factor_Turnover
268,Quantile 4 Mean Turnover ,0.21820466746249811,0.2940412335606756,0.39085153584569854,0.5468767602066584,0.6556315971708842,0.7443751331804445,Mom_EP,Factor_Turnover
269,Quantile 5 Mean Turnover ,0.09195571545641247,0.12845710296379845,0.18112596277979587,0.29885577675665354,0.4131905280154623,0.5583123571695763,Mom_EP,Factor_Turnover
270,IC Mean,0.014598788314377966,0.028347196797093025,0.047207231767159887,0.09631436631609297,0.1335095399909296,0.17654191134492186,Size_EP,Factor_Information
271,IC Std.,0.124208676704271,0.13483557553906406,0.1443597467536331,0.1691111061150246,0.19817248311741542,0.19966548018297844,Size_EP,Factor_Information
272,Risk-Adjusted IC,0.11753436798249035,0.21023529349552397,0.32701104586810187,0.5695330633730387,0.67370372460755,0.8841884495163332,Size_EP,Factor_Information
273,t-stat(IC),5.192838105174155,9.288498860849527,14.447820232884675,25.162793184719213,29.765203427656374,39.064722528539775,Size_EP,Factor_Information
274,p-value(IC),2.2868641540257206e-07,4.038494145956492e-20,5.006413708918212e-45,3.082168593924687e-121,7.86226961508106e-161,4.262662270953116e-247,Size_EP,Factor_Information
275,IC Skew,0.1488283574200055,0.1292286728446255,0.03264633760570624,0.1173788448161985,0.2489041734189991,0.37638314344945484,Size_EP,Factor_Information
276,IC Kurtosis,0.00046708728744615513,-0.29116018239342756,-0.5447096422649236,-0.5306447224927018,-0.8951272012076599,-1.0755878273471462,Size_EP,Factor_Information
277,Ann. alpha,0.0911326003770081,0.08169720097512445,0.07645896783882855,0.0478805444943915,0.03331470692854399,0.017186548365665466,Size_EP,Factor_Returns
278,beta,0.16208041596451378,0.18397469952566875,0.20055668278566807,0.3343528886787758,0.4523410422996878,0.5603935583789463,Size_EP,Factor_Returns
279,Mean Period Wise Return Top Quantile (bps),40.44407971278918,39.3504820892221,39.39824492116717,41.856169193910105,46.239444186018105,51.77443347010424,Size_EP,Factor_Returns
280,Mean Period Wise Return Bottom Quantile (bps),-20.81254738365623,-19.922032605950157,-19.622717832687986,-21.108074790539,-23.786010163945328,-30.859867948243025,Size_EP,Factor_Returns
281,Mean Period Wise Spread (bps),61.256627096444355,59.19789532038643,58.94087975654502,62.84882309125743,69.75345345718112,84.48324163229722,Size_EP,Factor_Returns
282,Mean Factor Rank Autocorrelation,0.9957811649706025,0.9920481524319408,0.984845236494958,0.953265463490898,0.9123169526800113,0.8464947197432173,Size_EP,Factor_Turnover
283,Quantile 1 Mean Turnover ,0.03421033812834379,0.04824242562898269,0.06929199657140651,0.13325677979566058,0.1916147211516021,0.2670695491130598,Size_EP,Factor_Turnover
284,Quantile 2 Mean Turnover ,0.07772269116708061,0.10860329331048718,0.15410194556276066,0.2806329638498942,0.3838190455627177,0.4985146428666759,Size_EP,Factor_Turnover
285,Quantile 3 Mean Turnover ,0.08693213036647132,0.12146737002630673,0.17378099230243765,0.31467569690222846,0.43419505238483574,0.5539737003781032,Size_EP,Factor_Turnover
286,Quantile 4 Mean Turnover ,0.07658743431039362,0.10666404463097255,0.15312064596615338,0.28365216846755853,0.39646068825801756,0.521321231055123,Size_EP,Factor_Turnover
287,Quantile 5 Mean Turnover ,0.03512081126831596,0.049411847074785686,0.07192879555055891,0.14204081248744116,0.21021806177659635,0.2962476378936967,Size_EP,Factor_Turnover
288,IC Mean,0.03857610151624582,0.05317739593133857,0.07256297877551371,0.1216494570021158,0.15294742585199453,0.167813036758298,Mom_Size_Std,Factor_Information
289,IC Std.,0.1275908523317887,0.1319638405951196,0.134533449548158,0.1208952170676827,0.1056256536902679,0.1000057746958401,Mom_Size_Std,Factor_Information
290,Risk-Adjusted IC,0.3023422197692675,0.40296944747533536,0.5393675626338478,1.0062387905222987,1.448014005200772,1.678033466254209,Mom_Size_Std,Factor_Information
291,t-stat(IC),13.357915872357312,17.803772105046217,23.83003780100484,44.45708284326667,63.975349781543194,74.13794173479944,Mom_Size_Std,Factor_Information
292,p-value(IC),5.2122136494235665e-39,8.010801688152553e-66,2.2341309940434236e-110,9.967384363159848e-299,0.0,0.0,Mom_Size_Std,Factor_Information
293,IC Skew,-0.17845861438256577,-0.24126932180757263,-0.2573731414784534,0.04187035404127806,-0.22465755812501398,0.059396616665874175,Mom_Size_Std,Factor_Information
294,IC Kurtosis,0.33018685730084707,0.08792737501649528,0.045423375692625,0.17482252695444922,-0.07629076181307193,-0.7665301529356947,Mom_Size_Std,Factor_Information
295,Ann. alpha,0.15116760161929887,0.14657761975731054,0.13798529674433269,0.12262800494551351,0.10135417817439385,0.08937316023783293,Mom_Size_Std,Factor_Returns
296,beta,-0.12246998940727727,-0.10810270734252217,-0.08838226042698308,-0.024707015710664894,0.0447661772593643,0.07048362345872855,Mom_Size_Std,Factor_Returns
297,Mean Period Wise Return Top Quantile (bps),29.593615811214224,30.478199584087484,29.998379395161923,28.955818742519845,29.00592285350445,29.223447917776646,Mom_Size_Std,Factor_Returns
298,Mean Period Wise Return Bottom Quantile (bps),-18.24828776747278,-18.293108737579278,-18.14226035678823,-19.4610829663433,-21.74401869693976,-23.016667425134195,Mom_Size_Std,Factor_Returns
299,Mean Period Wise Spread (bps),47.84190357868625,48.91921000691372,48.395145795005654,48.80207801907391,50.93807819392085,52.52294863430529,Mom_Size_Std,Factor_Returns
300,Mean Factor Rank Autocorrelation,0.9805768751533852,0.9644513245503178,0.9348933294967491,0.835300098605535,0.7016047947927787,0.49373719705681146,Mom_Size_Std,Factor_Turnover
301,Quantile 1 Mean Turnover ,0.08894824702775012,0.12470913104687932,0.17448473004346426,0.30042643348095444,0.42600560162571144,0.5718478249536622,Mom_Size_Std,Factor_Turnover
302,Quantile 2 Mean Turnover ,0.21129624091032154,0.28821003905279363,0.38312668489414736,0.5549795946530723,0.665234847459557,0.7496861072546505,Mom_Size_Std,Factor_Turnover
303,Quantile 3 Mean Turnover ,0.25008651939713367,0.33605955659687375,0.44211611613931845,0.6167147910329586,0.7130190056886919,0.7826720858387783,Mom_Size_Std,Factor_Turnover
304,Quantile 4 Mean Turnover ,0.2271770432571084,0.3065141889528422,0.405043446546181,0.5637538213025759,0.66927099160358,0.7396006328349035,Mom_Size_Std,Factor_Turnover
305,Quantile 5 Mean Turnover ,0.10067027033396327,0.1381048144315625,0.1897915005493641,0.30315195998956046,0.42546559336703244,0.5681901788713902,Mom_Size_Std,Factor_Turnover
306,IC Mean,0.01854774447435773,0.02679610836798099,0.038450280618211645,0.07468041318843052,0.10959324320910994,0.15325745036197394,Size_Std,Factor_Information
307,IC Std.,0.110037799737528,0.10498582466440179,0.10572632350183239,0.09164139912956026,0.08028754255862756,0.06582961328210615,Size_Std,Factor_Information
308,Risk-Adjusted IC,0.1685579366235918,0.2552354896828935,0.3636774584103007,0.8149200459374182,1.3650093117382784,2.328092825112076,Size_Std,Factor_Information
309,t-stat(IC),7.4471330492789845,11.276672511784557,16.067795287819475,36.00434443008642,60.30808255988641,102.85850293954545,Size_Std,Factor_Information
310,p-value(IC),1.4240816112217486e-13,1.2867846109987984e-28,1.1773817936964998e-54,4.073891937161728e-218,0.0,0.0,Size_Std,Factor_Information
311,IC Skew,-0.10960549816534833,-0.12057093376255233,-0.1630918583894759,0.15165755159285027,0.009630126394791263,0.3605430026256753,Size_Std,Factor_Information
312,IC Kurtosis,-0.237399273465424,-0.09542759714245896,0.016203574955202082,-0.19787198242708026,-0.47325217483550075,-0.1386066076177186,Size_Std,Factor_Information
313,Ann. alpha,0.09070122866777863,0.07682988564562243,0.0664780992807088,0.05263506129238382,0.04823739454098974,0.0440236972281991,Size_Std,Factor_Returns
314,beta,-0.12627481862235573,-0.08206871059628587,-0.04446582221409962,0.04657291198938224,0.10849542792626618,0.1607246563315654,Size_Std,Factor_Returns
315,Mean Period Wise Return Top Quantile (bps),5.128439873631763,4.955366979020326,4.578319105956741,7.502510639931792,8.914902732923835,12.163463866441404,Size_Std,Factor_Returns
316,Mean Period Wise Return Bottom Quantile (bps),-14.617390234449301,-14.590965183137738,-15.34817830929347,-19.065479725687283,-23.030426248583645,-29.309692247296848,Size_Std,Factor_Returns
317,Mean Period Wise Spread (bps),19.74583010808102,19.5928790263619,19.990138238156433,26.728774772362442,32.50636995894258,43.821521400401934,Size_Std,Factor_Returns
318,Mean Factor Rank Autocorrelation,0.9937033775748804,0.9878240639347166,0.9760469133042695,0.9161749650982276,0.8230135330309862,0.6402397004683453,Size_Std,Factor_Turnover
319,Quantile 1 Mean Turnover ,0.04150662305541087,0.061289347149539306,0.09275594809794123,0.1960541235486277,0.30107806423096367,0.4479008466929495,Size_Std,Factor_Turnover
320,Quantile 2 Mean Turnover ,0.10119296503432616,0.14668836365006033,0.21619186520964007,0.4175844581679521,0.5733088321995036,0.7086848955059134,Size_Std,Factor_Turnover
321,Quantile 3 Mean Turnover ,0.11766722772769476,0.17038891131123132,0.2504255406763272,0.4519498742919425,0.5951504487319718,0.6983076590771035,Size_Std,Factor_Turnover
322,Quantile 4 Mean Turnover ,0.09855279815400107,0.14604792745665418,0.22031859496458928,0.41941589029172743,0.5580449943868276,0.6815032151335724,Size_Std,Factor_Turnover
323,Quantile 5 Mean Turnover ,0.042228744698558744,0.06355595249528685,0.09762978690754341,0.2070257648934501,0.3117004275146426,0.4636649062206426,Size_Std,Factor_Turnover
